,antecedents,consequents,antecedent support,consequent support,support,confidence,lift,leverage,conviction
0,frozenset({'COVID19 (COVID19 (MODERNA))'}),frozenset({'Female'}),0.4322323486588249,0.6811403490153962,0.30697924670065413,0.7102181214644877,1.0426898399002849,0.012568353879437666,1.100343653633704
1,"frozenset({'COVID19 (COVID19 (MODERNA))', 'Recovered'})",frozenset({'Female'}),0.14859791066190672,0.6811403490153962,0.10646943462222543,0.7164934833065524,1.0519028631063478,0.005253401891015613,1.1246995473101704
2,"frozenset({'COVID19 (COVID19 (PFIZER-BIONTECH))', 'Recovered'})",frozenset({'Female'}),0.12396902074480955,0.6811403490153962,0.08743319594018091,0.705282621536249,1.0354439030895042,0.002992893882964448,1.0819166913288154
3,frozenset({'Age 19-33'}),frozenset({'Female'}),0.15391570484385148,0.6811403490153962,0.10867465839194829,0.7060660801456191,1.036594119209431,0.003836461475656583,1.0848004583566655
4,"frozenset({'COVID19 (COVID19 (MODERNA))', 'Age 19-33'})",frozenset({'Female'}),0.06203279607092373,0.6811403490153962,0.045795005454692096,0.7382386149793,1.0838274608844427,0.0035419650885422024,1.2181309743581485
5,"frozenset({'COVID19 (COVID19 (MODERNA))', 'Age 19-33', 'Recovered'})",frozenset({'Female'}),0.023731094291887578,0.6811403490153962,0.017045382189262957,0.7182720686879527,1.054514050923912,0.0008811763407693754,1.1317999230663027
6,"frozenset({'Age 19-33', 'COVID19 (COVID19 (PFIZER-BIONTECH))'})",frozenset({'Female'}),0.06951018138443057,0.6811403490153962,0.0492312492306125,0.7082595419847328,1.0398143980290377,0.001885060022297963,1.092956572269169
7,"frozenset({'COVID19 (COVID19 (MODERNA))', 'TX'})",frozenset({'Female'}),0.027018766687749652,0.6811403490153962,0.019707993564736796,0.7294186959937157,1.0708787066396916,0.0013044213930774352,1.1784245484203824
8,"frozenset({'TX', 'Recovered'})",frozenset({'Female'}),0.017606769761054773,0.6811403490153962,0.012460893890320362,0.7077331083117352,1.0390415269551707,0.0004682125902417886,1.0909879293639018
9,"frozenset({'TX', 'Age 34-48'})",frozenset({'Female'}),0.014398689175938229,0.6811403490153962,0.011030363745187349,0.7660672169811321,1.124683360908658,0.0012228355745245757,1.36303961706336
10,"frozenset({'Age 49-64', 'TX'})",frozenset({'Female'}),0.014696893160198152,0.6811403490153962,0.010751261795506353,0.7315329626687848,1.073982716963152,0.0007406148589269943,1.1877050313302253
11,"frozenset({'Recovered', 'Age 65-78'})",frozenset({'Female'}),0.05481859434494878,0.6811403490153962,0.03875590571235732,0.706984667802385,1.0379427218257549,0.0014167492277054813,1.0882012507439676
12,"frozenset({'COVID19 (COVID19 (MODERNA))', 'Recovered', 'Age 65-78'})",frozenset({'Female'}),0.032402356766577385,0.6811403490153962,0.023238686289408558,0.7171912357121801,1.0529272517020851,0.0011681336925006523,1.127474432369763
13,"frozenset({'CA', 'Age 34-48'})",frozenset({'Female'}),0.023795828964627275,0.6811403490153962,0.01787738191758958,0.7512821656335014,1.1029770394889933,0.001669082671512681,1.2820136191550604
14,"frozenset({'Age 49-64', 'CA'})",frozenset({'Female'}),0.02442513488158861,0.6811403490153962,0.017618443226630785,0.7213242961418145,1.0589951060519394,0.0009814983286373924,1.1441960909045281
15,frozenset({'Pain in extremity'}),frozenset({'Female'}),0.07120071144466565,0.6811403490153962,0.05404496194450222,0.759050869688343,1.114382477540155,0.005547284500938145,1.3233484203581602
16,"frozenset({'Pain in extremity', 'COVID19 (COVID19 (PFIZER-BIONTECH))'})",frozenset({'Female'}),0.02688186877326734,0.6811403490153962,0.02037231987842616,0.7578461174055505,1.1126137491355992,0.002061994400016764,1.3167645613125203
17,"frozenset({'COVID19 (COVID19 (MODERNA))', 'Pain in extremity'})",frozenset({'Female'}),0.03428496839674501,0.6811403490153962,0.026889297342270257,0.7842882347478876,1.1514341146895701,0.0035364220025295295,1.4781745938240205
18,"frozenset({'Pain in extremity', 'Pain'})",frozenset({'Female'}),0.013857464862868617,0.6811403490153962,0.011121629021508891,0.8025731352427631,1.1782786563780883,0.0016827505683459712,1.6150773167404797
19,"frozenset({'Pain in extremity', 'Age 65-78'})",frozenset({'Female'}),0.013738607758821957,0.6811403490153962,0.01042228231109149,0.7586126989031361,1.1137391875253433,0.0010643622272618735,1.3209462533269378
20,"frozenset({'Pain in extremity', 'Age 34-48'})",frozenset({'Female'}),0.016410770151585256,0.6811403490153962,0.013343832377524121,0.8131143300569064,1.1937544607837158,0.0021657946688618934,1.7061749629155407
21,"frozenset({'Pain in extremity', 'Recovered'})",frozenset({'Female'}),0.02142717667684027,0.6811403490153962,0.016636810894102565,0.7764350453172204,1.139904641443683,0.0020418962940250245,1.4262506010257268
22,"frozenset({'Pain in extremity', 'Age 49-64'})",frozenset({'Female'}),0.02017068729120415,0.6811403490153962,0.01577403566562101,0.7820276740148366,1.1481153262250214,0.0020349666842097956,1.4628446503172494
23,frozenset({'WA'}),frozenset({'Female'}),0.02491754288406763,0.6811403490153962,0.01748685143286484,0.7017887563884158,1.0303144680870355,0.000514507576204911,1.069240874766995
24,frozenset({'Chest discomfort'}),frozenset({'Female'}),0.015014199179037003,0.6811403490153962,0.011125873918081985,0.7410234662143058,1.087915973977275,0.0008990970490860457,1.2312298968695885
25,frozenset({'Age 49-64'}),frozenset({'Female'}),0.2542406516765219,0.6811403490153962,0.1849862253106203,0.7276028600885743,1.0682128303518368,0.01181265909377241,1.17056901217203
26,"frozenset({'COVID19 (COVID19 (MODERNA))', 'Age 49-64'})",frozenset({'Female'}),0.11242608573842099,0.6811403490153962,0.08368919716271113,0.7443930526713234,1.0928629521762445,0.007111253884408197,1.2474608155880544
27,"frozenset({'Age 49-64', 'Recovered'})",frozenset({'Female'}),0.08036225947354793,0.6811403490153962,0.06016504157876194,0.748672846842564,1.0991462301782409,0.0054270641132836694,1.2687035482587277
28,"frozenset({'COVID19 (COVID19 (MODERNA))', 'Age 49-64', 'Recovered'})",frozenset({'Female'}),0.0387283138846322,0.6811403490153962,0.029261133302487086,0.7555488573464131,1.1092410814284839,0.0028817160663308916,1.3043901023463882
29,"frozenset({'Age 49-64', 'COVID19 (COVID19 (PFIZER-BIONTECH))', 'Recovered'})",frozenset({'Female'}),0.03136766322688548,0.6811403490153962,0.023774604481761802,0.7579335543676838,1.1127421176315482,0.0024088234036036167,1.3172401906083742
30,"frozenset({'Age 49-64', 'COVID19 (COVID19 (PFIZER-BIONTECH))'})",frozenset({'Female'}),0.10663180191614631,0.6811403490153962,0.0775860971147438,0.7276074840764332,1.0682196189496134,0.004954874341439305,1.1705888831177564
31,frozenset({'Fatigue'}),frozenset({'Female'}),0.10806657695785242,0.6811403490153962,0.07969474948742875,0.7374597376070391,1.0826839705987963,0.006086243541457967,1.2145171490205415
32,"frozenset({'COVID19 (COVID19 (MODERNA))', 'Fatigue'})",frozenset({'Female'}),0.04850855558904307,0.6811403490153962,0.036457294218026376,0.7515642091446073,1.10339111496039,0.0034161597338728256,1.2834690601009369
33,"frozenset({'Fatigue', 'Recovered'})",frozenset({'Female'}),0.04119672124188694,0.6811403490153962,0.03079990831023402,0.7476300875837197,1.0976153279782,0.0027391592252451642,1.2634614321958069
34,"frozenset({'COVID19 (COVID19 (MODERNA))', 'Fatigue', 'Recovered'})",frozenset({'Female'}),0.02011444241161064,0.6811403490153962,0.01525403583541687,0.7583623509549435,1.1133716451406432,0.0015532775109223101,1.319577690996109
35,"frozenset({'Headache', 'Fatigue', 'Recovered'})",frozenset({'Female'}),0.017217300500473307,0.6811403490153962,0.0134902813092959,0.7835305719921104,1.1503217701384474,0.0017628832373005558,1.4730008478286476
36,"frozenset({'Recovered', 'COVID19 (COVID19 (PFIZER-BIONTECH))', 'Fatigue'})",frozenset({'Female'}),0.01588228052823493,0.6811403490153962,0.01208628176774473,0.7609915809167447,1.1172316865632395,0.0012682196655823576,1.3340938039238417
37,"frozenset({'Age 49-64', 'Fatigue'})",frozenset({'Female'}),0.03134007139916036,0.6811403490153962,0.023996400327706016,0.7656779087091967,1.1241118072303329,0.002649413156714492,1.3607750307626179
38,"frozenset({'COVID19 (COVID19 (MODERNA))', 'Age 49-64', 'Fatigue'})",frozenset({'Female'}),0.014304240227186864,0.6811403490153962,0.011052649452196098,0.7726834334891313,1.1343968017840416,0.0013094542714499665,1.402711891521369
39,"frozenset({'Age 49-64', 'Headache', 'Fatigue'})",frozenset({'Female'}),0.013072158996846042,0.6811403490153962,0.010496568001120653,0.8029712615684365,1.1788631560722391,0.001592593059624189,1.6183408244039348
40,"frozenset({'Headache', 'Fatigue'})",frozenset({'Female'}),0.04208072095323397,0.6811403490153962,0.03266235668167945,0.776183390916198,1.1395351810213397,0.003999479724774168,1.4246469566752107
41,"frozenset({'COVID19 (COVID19 (MODERNA))', 'Headache', 'Fatigue'})",frozenset({'Female'}),0.018717871439062388,0.6811403490153962,0.014717056418920352,0.7862569452318856,1.1543244301536941,0.001967558934092081,1.49178952893009
42,"frozenset({'Headache', 'COVID19 (COVID19 (PFIZER-BIONTECH))', 'Fatigue'})",frozenset({'Female'}),0.017271422931780266,0.6811403490153962,0.01360913841334256,0.787956989247312,1.1568203093331964,0.0018448753695972323,1.5037498753330714
43,"frozenset({'Age 19-33', 'Fatigue'})",frozenset({'Female'}),0.01698064751652326,0.6811403490153962,0.012804730512741056,0.7540778701331167,1.1070814865440777,0.0012385263368289816,1.296587871767381
44,"frozenset({'COVID19 (COVID19 (PFIZER-BIONTECH))', 'Fatigue'})",frozenset({'Female'}),0.04490994451920179,0.6811403490153962,0.03342962173726637,0.7443701410713863,1.0928293150558328,0.002839646453195184,1.247349008136203
45,"frozenset({'Age 34-48', 'Fatigue'})",frozenset({'Female'}),0.027076072791486435,0.6811403490153962,0.021187340020460403,0.7825115622795329,1.1488257352697884,0.002744734349301059,1.4660993215392295
46,"frozenset({'Fatigue', 'Age 65-78'})",frozenset({'Female'}),0.01916252435509409,0.6811403490153962,0.013795913862558738,0.7199424046076313,1.0569663148693573,0.000743545335313919,1.1385502704822994
47,frozenset({'Dizziness'}),frozenset({'Female'}),0.07324993526532726,0.6811403490153962,0.05213900338318257,0.7117958970792768,1.0450062136359912,0.0022455169112023804,1.1063674935686572
48,"frozenset({'Dizziness', 'COVID19 (COVID19 (PFIZER-BIONTECH))', 'Recovered'})",frozenset({'Female'}),0.014306362675473413,0.6811403490153962,0.010047670188515857,0.7023217862176396,1.0310970231507526,0.00030302932260305865,1.0711554834097792
49,"frozenset({'COVID19 (COVID19 (MODERNA))', 'Dizziness'})",frozenset({'Female'}),0.02799721534784805,0.6811403490153962,0.02045297291331497,0.7305359714957168,1.0725190080894826,0.001382939879822541,1.1833106361338892
50,"frozenset({'Age 49-64', 'Dizziness'})",frozenset({'Female'}),0.017993055349206418,0.6811403490153962,0.013855342414582068,0.770038336773813,1.1305134659647176,0.001599546414170266,1.3865774256075802
51,"frozenset({'Dizziness', 'Fatigue'})",frozenset({'Female'}),0.013386281343255072,0.6811403490153962,0.010364976207354708,0.7742983986047249,1.1367677744006661,0.0012470398611916615,1.4127487311274298
52,"frozenset({'Dizziness', 'Age 34-48'})",frozenset({'Female'}),0.018748646939217326,0.6811403490153962,0.014051668881087713,0.7494764249731137,1.1003259842945714,0.0012812089613427839,1.2727730352338444
53,"frozenset({'Dizziness', 'COVID19 (COVID19 (PFIZER-BIONTECH))'})",frozenset({'Female'}),0.034463254052815,0.6811403490153962,0.02483264495260573,0.7205542725173211,1.057864614185459,0.001358332058865052,1.1410432138539957
54,"frozenset({'Dizziness', 'Headache'})",frozenset({'Female'}),0.014455995279675012,0.6811403490153962,0.011314771815584714,0.7827044486859492,1.1491089168588622,0.0014682101454219568,1.4674007316595519
55,frozenset({'Age 34-48'}),frozenset({'Female'}),0.2249275183910144,0.6811403490153962,0.1705790463415359,0.7583733976249227,1.1133878630463878,0.017371837961513398,1.3196380193669137
56,"frozenset({'COVID19 (COVID19 (MODERNA))', 'Age 34-48'})",frozenset({'Female'}),0.09524380563467572,0.6811403490153962,0.07445760834037278,0.7817580140168692,1.147719431313852,0.009583209328815206,1.461037158126165
57,"frozenset({'Age 34-48', 'Recovered'})",frozenset({'Female'}),0.07193189487938126,0.6811403490153962,0.054676390309750106,0.760113304417102,1.1159422658132983,0.005680674326269564,1.3292094011708748
58,"frozenset({'COVID19 (COVID19 (MODERNA))', 'Age 34-48', 'Recovered'})",frozenset({'Female'}),0.03273133625099225,0.6811403490153962,0.025454522300564147,0.7776805109749375,1.1417331422211183,0.003159888502822998,1.4342406614143401
59,"frozenset({'Age 34-48', 'COVID19 (COVID19 (PFIZER-BIONTECH))', 'Recovered'})",frozenset({'Female'}),0.031120398001502694,0.6811403490153962,0.02381599222334948,0.7652855924978688,1.1235358375173434,0.002618633467107896,1.3585005470177987
60,"frozenset({'Age 34-48', 'COVID19 (COVID19 (PFIZER-BIONTECH))'})",frozenset({'Female'}),0.10325604791639252,0.6811403490153962,0.07811989285881049,0.7565648156712812,1.1107326364748658,0.007788032343088419,1.3098338757557608
61,frozenset({'Injection site erythema'}),frozenset({'Female'}),0.030318112549187738,0.6811403490153962,0.02737746044817618,0.9030067555742238,1.3257278868878353,0.006726570684934381,3.287441850948808
62,frozenset({'Injection site erythema'}),frozenset({'COVID19 (COVID19 (MODERNA))'}),0.030318112549187738,0.4322323486588249,0.023826604464782214,0.785886800378032,1.8182044976887144,0.010722135470744205,2.651717186719965
63,"frozenset({'COVID19 (COVID19 (MODERNA))', 'Injection site erythema'})",frozenset({'Female'}),0.023826604464782214,0.6811403490153962,0.021969462214053156,0.922055941564226,1.353694496144706,0.005740200533059601,4.090878219375047
64,"frozenset({'Female', 'Injection site erythema'})",frozenset({'COVID19 (COVID19 (MODERNA))'}),0.02737746044817618,0.4322323486588249,0.021969462214053156,0.8024653073881697,1.8565600420193946,0.01013603818422388,2.8742680277275587
65,frozenset({'Injection site erythema'}),"frozenset({'COVID19 (COVID19 (MODERNA))', 'Female'})",0.030318112549187738,0.30697924670065413,0.021969462214053156,0.7246315936854634,2.360523069470153,0.012662430862317855,2.516703940639255
66,frozenset({'Injection site swelling'}),frozenset({'Female'}),0.024776400073012222,0.6811403490153962,0.022037380559222674,0.8894504647278022,1.3058255409674717,0.00516117476614604,2.8843147119479036
67,frozenset({'Injection site swelling'}),frozenset({'COVID19 (COVID19 (MODERNA))'}),0.024776400073012222,0.4322323486588249,0.01852366742084329,0.7476335289330535,1.729702858318883,0.007814505825974538,2.249774500316092
68,"frozenset({'COVID19 (COVID19 (MODERNA))', 'Injection site swelling'})",frozenset({'Female'}),0.01852366742084329,0.6811403490153962,0.016889382240201718,0.9117731309080492,1.3385980322939874,0.004272164948123394,3.6140877973612056
69,"frozenset({'Injection site swelling', 'Female'})",frozenset({'COVID19 (COVID19 (MODERNA))'}),0.022037380559222674,0.4322323486588249,0.016889382240201718,0.7663969950881249,1.7731134596153677,0.007364113482800572,2.4304809416101514
70,"frozenset({'Injection site swelling', 'Injection site erythema'})",frozenset({'Female'}),0.01309975082457116,0.6811403490153962,0.011922853249680572,0.9101587815942969,1.336227963752187,0.0030000844010174485,3.549146557036926
71,"frozenset({'Injection site swelling', 'Injection site erythema'})",frozenset({'COVID19 (COVID19 (MODERNA))'}),0.01309975082457116,0.4322323486588249,0.010357547638351791,0.7906675307841866,1.82926505440315,0.0046954115726020205,2.7122770464997927
72,frozenset({'Injection site pruritus'}),frozenset({'Female'}),0.02045934025817461,0.6811403490153962,0.018920565250427672,0.9247886301156698,1.3577064278345463,0.004984883086349872,4.239513938849772
73,frozenset({'Injection site pruritus'}),frozenset({'COVID19 (COVID19 (MODERNA))'}),0.02045934025817461,0.4322323486588249,0.01751232081230341,0.8559572591939417,1.9803174423429761,0.008669132120502548,3.9416609831496308
74,"frozenset({'COVID19 (COVID19 (MODERNA))', 'Injection site pruritus'})",frozenset({'Female'}),0.01751232081230341,0.6811403490153962,0.016291913047538596,0.9303114773966791,1.3658146646890987,0.004363564737376665,4.575497356998194
75,"frozenset({'Female', 'Injection site pruritus'})",frozenset({'COVID19 (COVID19 (MODERNA))'}),0.018920565250427672,0.4322323486588249,0.016291913047538596,0.8610690448146279,1.9921439186271959,0.008113832691393695,4.086689324086319
76,frozenset({'Injection site pruritus'}),"frozenset({'COVID19 (COVID19 (MODERNA))', 'Female'})",0.02045934025817461,0.30697924670065413,0.016291913047538596,0.7963068623891281,2.5940087838108283,0.010011320187091787,3.4022783557061596
77,"frozenset({'Injection site erythema', 'Injection site pruritus'})",frozenset({'Female'}),0.012622199960097972,0.6811403490153962,0.011785955335198257,0.933748108289894,1.370860072582175,0.0031884656490350043,4.812838437577248
78,"frozenset({'Injection site erythema', 'Injection site pruritus'})",frozenset({'COVID19 (COVID19 (MODERNA))'}),0.012622199960097972,0.4322323486588249,0.01113542493537145,0.882209517403733,2.041053891827263,0.0056797018013769775,4.8201487830492065
79,"frozenset({'COVID19 (COVID19 (MODERNA))', 'Injection site erythema', 'Injection site pruritus'})",frozenset({'Female'}),0.01113542493537145,0.6811403490153962,0.010454119035389703,0.9388163537596492,1.3783008966018964,0.0028693318084760475,5.211517628943059
80,"frozenset({'Female', 'Injection site erythema', 'Injection site pruritus'})",frozenset({'COVID19 (COVID19 (MODERNA))'}),0.011785955335198257,0.4322323486588249,0.010454119035389703,0.886998019088781,2.0521324279430955,0.005359847879668952,5.024404410992109
81,"frozenset({'Injection site erythema', 'Injection site pruritus'})","frozenset({'COVID19 (COVID19 (MODERNA))', 'Female'})",0.012622199960097972,0.30697924670065413,0.010454119035389703,0.8282327223810325,2.6980088435381115,0.006579365599933801,4.034649456555273
82,frozenset({'Injection site warmth'}),frozenset({'Female'}),0.015401545991331922,0.6811403490153962,0.014286199416751211,0.9275821677117068,1.3618076936016899,0.00379558500483871,4.403054343234592
83,frozenset({'Injection site warmth'}),frozenset({'COVID19 (COVID19 (MODERNA))'}),0.015401545991331922,0.4322323486588249,0.01254791427006881,0.8147178391786674,1.8849071378083058,0.005890867873258503,3.064340618785598
84,"frozenset({'COVID19 (COVID19 (MODERNA))', 'Injection site warmth'})",frozenset({'Female'}),0.01254791427006881,0.6811403490153962,0.01178383288691171,0.939106901217862,1.3787274569409407,0.00323694218158177,5.236384046169384
85,"frozenset({'Injection site warmth', 'Female'})",frozenset({'COVID19 (COVID19 (MODERNA))'}),0.014286199416751211,0.4322323486588249,0.01178383288691171,0.8248402911900163,1.9083261439117545,0.005608875359600999,3.2414283809817217
86,frozenset({'Injection site warmth'}),"frozenset({'COVID19 (COVID19 (MODERNA))', 'Female'})",0.015401545991331922,0.30697924670065413,0.01178383288691171,0.7651071453179907,2.4923741703753435,0.007055877900467157,2.9503696663635686
87,frozenset({'Headache'}),frozenset({'Female'}),0.12892387626975468,0.6811403490153962,0.09717098867886084,0.7537082462176712,1.106538831985469,0.00935573460006238,1.2946420092749433
88,"frozenset({'Headache', 'Age 34-48'})",frozenset({'Female'}),0.03286823416547456,0.6811403490153962,0.02593419561332388,0.7890352576520728,1.1584033434411,0.00354631512233277,1.5114357377249996
89,"frozenset({'COVID19 (COVID19 (MODERNA))', 'Headache', 'Age 34-48'})",frozenset({'Female'}),0.013435097653845663,0.6811403490153962,0.01069395569176957,0.7959715639810427,1.1685867165726382,0.0015427685867732046,1.562819659878082
90,"frozenset({'Headache', 'Age 34-48', 'COVID19 (COVID19 (PFIZER-BIONTECH))'})",frozenset({'Female'}),0.01469052581533851,0.6811403490153962,0.011745628817753855,0.7995376724698403,1.1738222139175722,0.001739318936674495,1.5906213148035564
91,"frozenset({'COVID19 (COVID19 (MODERNA))', 'Headache'})",frozenset({'Female'}),0.056027328644137585,0.6811403490153962,0.04297957780258684,0.7671180983047637,1.1262261873249035,0.00481710361551866,1.369190343532506
92,"frozenset({'Age 19-33', 'Headache'})",frozenset({'Female'}),0.02160333988462371,0.6811403490153962,0.015985219270132484,0.7399420346809452,1.0863282959973641,0.001270312801221661,1.2261099197381151
93,"frozenset({'Headache', 'Age 65-78'})",frozenset({'Female'}),0.020434932102879312,0.6811403490153962,0.015607423475127028,0.7637619443290403,1.1212989297038056,0.0016883666904658895,1.3497387204571403
94,"frozenset({'Age 49-64', 'Headache'})",frozenset({'Female'}),0.03872406898805911,0.6811403490153962,0.030432724756661304,0.785886544258701,1.153780634776251,0.004056198890838442,1.4892088396810688
95,"frozenset({'COVID19 (COVID19 (MODERNA))', 'Age 49-64', 'Headache'})",frozenset({'Female'}),0.017398769828973117,0.6811403490153962,0.01365477105150333,0.7848124428179323,1.1522037182974059,0.0018037668977580364,1.4817755039378058
96,"frozenset({'Age 49-64', 'Headache', 'COVID19 (COVID19 (PFIZER-BIONTECH))'})",frozenset({'Female'}),0.015250852162987048,0.6811403490153962,0.012223179682227043,0.8014751930972097,1.1766667387356515,0.0018352089171478347,1.6061451259375192
97,"frozenset({'Age 49-64', 'Headache', 'Recovered'})",frozenset({'Female'}),0.015083178748349796,0.6811403490153962,0.011903751215101644,0.7892070639555336,1.1586555767784867,0.0016299895781890558,1.5126676299880417
98,"frozenset({'Headache', 'Recovered'})",frozenset({'Female'}),0.04804055574185935,0.6811403490153962,0.036702436995122614,0.7639886014712055,1.1216316909952087,0.0039800760902189425,1.35103496260034
99,"frozenset({'COVID19 (COVID19 (MODERNA))', 'Headache', 'Recovered'})",frozenset({'Female'}),0.022988237391595955,0.6811403490153962,0.017816892141422975,0.7750438555996676,1.1378621993543783,0.0021586761012625244,1.4174302810647417
100,"frozenset({'Headache', 'COVID19 (COVID19 (PFIZER-BIONTECH))', 'Recovered'})",frozenset({'Female'}),0.01817452467770623,0.6811403490153962,0.014101546415821578,0.7758962980263926,1.1391136924247232,0.0017221443336598256,1.4228218819078489
101,"frozenset({'Headache', 'COVID19 (COVID19 (PFIZER-BIONTECH))'})",frozenset({'Female'}),0.05258577874750082,0.6811403490153962,0.04026921134066568,0.765781401356151,1.1242637474980088,0.004450915651346574,1.3613763075641117
102,frozenset({'Chills'}),frozenset({'Female'}),0.0944478875272204,0.6811403490153962,0.06852961027604562,0.7255811863054641,1.0652447580800464,0.004197343201987835,1.1619453006583447
103,"frozenset({'Chills', 'Headache'})",frozenset({'Female'}),0.039486027922929656,0.6811403490153962,0.029912724926457166,0.7575521393248764,1.112182152209798,0.003017198085801181,1.3151679297012682
104,"frozenset({'Chills', 'COVID19 (COVID19 (MODERNA))', 'Headache'})",frozenset({'Female'}),0.018643585749033225,0.6811403490153962,0.014330770830768709,0.7686703096539163,1.1285050294921546,0.00163187232677375,1.3783775463822638
105,"frozenset({'Chills', 'Headache', 'Recovered'})",frozenset({'Female'}),0.018410116437513,0.6811403490153962,0.014043179087941522,0.7627968641918377,1.1198820702583216,0.0015033059522798348,1.344247199339224
106,"frozenset({'Chills', 'Age 34-48'})",frozenset({'Female'}),0.02316758427180922,0.6811403490153962,0.017672565657937744,0.7628143465713892,1.1199077365979782,0.0018921892211940065,1.3443462805416924
107,"frozenset({'Chills', 'COVID19 (COVID19 (MODERNA))'})",frozenset({'Female'}),0.044599005845222583,0.6811403490153962,0.032965866786655744,0.7391614714700423,1.0851823306878192,0.0025876843795011387,1.2224407674036633
108,"frozenset({'Chills', 'Recovered'})",frozenset({'Female'}),0.04181223124498572,0.6811403490153962,0.030505949222547193,0.7295939086294416,1.0711359409027612,0.002025951439225168,1.1791881217189215
109,"frozenset({'Chills', 'COVID19 (COVID19 (MODERNA))', 'Recovered'})",frozenset({'Female'}),0.021027095174826066,0.6811403490153962,0.015560729612822984,0.7400323003936611,1.0864608174561887,0.001238326666662003,1.2265356483418637
110,"frozenset({'Chills', 'Age 49-64'})",frozenset({'Female'}),0.02655395051299575,0.6811403490153962,0.02013460567033284,0.7582527375909199,1.1132107188878055,0.0020476385501733557,1.3189793663310885
111,"frozenset({'Chills', 'Age 19-33'})",frozenset({'Female'}),0.01728097394906973,0.6811403490153962,0.0126614652533991,0.7326823876197495,1.0756702178616468,0.0008906966264037742,1.1928119817673533
112,"frozenset({'Chills', 'COVID19 (COVID19 (PFIZER-BIONTECH))'})",frozenset({'Female'}),0.03487925391697831,0.6811403490153962,0.025700726301803655,0.736848510664192,1.081786612302917,0.001943059115396422,1.211696167061044
113,"frozenset({'Chills', 'COVID19 (COVID19 (PFIZER-BIONTECH))', 'Recovered'})",frozenset({'Female'}),0.01424905657173663,0.6811403490153962,0.010579343484296006,0.742459223951739,1.0900238475447543,0.0008737361178831927,1.2380938501359962
114,"frozenset({'Chills', 'Headache', 'COVID19 (COVID19 (PFIZER-BIONTECH))'})",frozenset({'Female'}),0.014195995364572942,0.6811403490153962,0.01099958824503241,0.7748374074904687,1.137559107473979,0.0013301230077862498,1.4161306610959643
115,"frozenset({'Chills', 'Age 65-78'})",frozenset({'Female'}),0.016545545617781023,0.6811403490153962,0.011900567542671823,0.7192611121801039,1.0559660915989078,0.0006307288259262984,1.1357872557690103
116,"frozenset({'Chills', 'Fatigue'})",frozenset({'Female'}),0.03283639744117635,0.6811403490153962,0.024891012280485784,0.7580311550643137,1.112885407772517,0.002524817066994662,1.31777151339196
117,"frozenset({'Chills', 'COVID19 (COVID19 (MODERNA))', 'Fatigue'})",frozenset({'Female'}),0.0158026887174894,0.6811403490153962,0.012151016440484427,0.76892082465919,1.1288728171377345,0.001387167532072034,1.3798718578354352
118,"frozenset({'Chills', 'Headache', 'Fatigue'})",frozenset({'Female'}),0.015451423526065787,0.6811403490153962,0.012007751181142471,0.7771291208791209,1.1409236319687692,0.001483163167813318,1.4306923014902408
119,"frozenset({'Chills', 'Fatigue', 'Recovered'})",frozenset({'Female'}),0.015708239768738034,0.6811403490153962,0.011985465474133723,0.7630049993244157,1.120187638901963,0.0012859495556379712,1.3454277519595514
120,frozenset({'Pyrexia'}),frozenset({'Female'}),0.11109743311104225,0.6811403490153962,0.07795221944417324,0.7016563502980284,1.0301200792351952,0.0022792750802032857,1.0687663414425832
121,"frozenset({'Pyrexia', 'Age 34-48'})",frozenset({'Female'}),0.026529542357700456,0.6811403490153962,0.01991068737610208,0.7505100204008159,1.1018434328339162,0.001840345635359255,1.2780459219118336
122,"frozenset({'Pyrexia', 'COVID19 (COVID19 (MODERNA))'})",frozenset({'Female'}),0.051431166879618975,0.6811403490153962,0.03717574296302271,0.7228251898316277,1.0611986074184092,0.002143900004369953,1.1503918800951272
123,"frozenset({'Pyrexia', 'Age 19-33'})",frozenset({'Female'}),0.020007258773139993,0.6811403490153962,0.01456317891814566,0.7278947647589243,1.0686413832495942,0.0009354276945677375,1.1718247563377653
124,"frozenset({'Pyrexia', 'Recovered'})",frozenset({'Female'}),0.04576422995453716,0.6811403490153962,0.0327493770614279,0.715610796772099,1.0506069678687082,0.0015775134977736097,1.1212087075228354
125,"frozenset({'Pyrexia', 'COVID19 (COVID19 (MODERNA))', 'Recovered'})",frozenset({'Female'}),0.02265607423475127,0.6811403490153962,0.016599668049087985,0.7326806876200291,1.0756677220474982,0.00116770173751078,1.1928043961574046
126,"frozenset({'Pyrexia', 'COVID19 (COVID19 (PFIZER-BIONTECH))'})",frozenset({'Female'}),0.040994027430521655,0.6811403490153962,0.02907329662912763,0.7092081078982112,1.0412070125098118,0.001150610477555384,1.0965218069869367
127,"frozenset({'Pyrexia', 'COVID19 (COVID19 (PFIZER-BIONTECH))', 'Recovered'})",frozenset({'Female'}),0.015648811216714704,0.6811403490153962,0.011360404453745485,0.7259595822595959,1.0658002910985773,0.0007013677199163848,1.1635497187376809
128,"frozenset({'Pyrexia', 'Headache'})",frozenset({'Female'}),0.022193380508283917,0.6811403490153962,0.015705056096308213,0.7076459618419164,1.0389135849386029,0.000588249151064214,1.0906627217927733
129,"frozenset({'Pyrexia', 'Age 49-64'})",frozenset({'Female'}),0.030568561447000344,0.6811403490153962,0.02283435989082126,0.7469883700746398,1.0966732056828352,0.002012879277912858,1.2602568944307782
130,"frozenset({'Pyrexia', 'Age 49-64', 'COVID19 (COVID19 (MODERNA))'})",frozenset({'Female'}),0.01500783183417736,0.6811403490153962,0.011299914677578881,0.7529345212841183,1.1054029061301422,0.0010774748640829408,1.2905876314322462
131,frozenset({'OH'}),frozenset({'Female'}),0.03046243903267297,0.6811403490153962,0.021945054058757858,0.7203971433548162,1.0576339287434176,0.0011958577041827623,1.1404019787581672
132,"frozenset({'COVID19 (COVID19 (MODERNA))', 'OH'})",frozenset({'Female'}),0.014218281071581691,0.6811403490153962,0.010879669916842477,0.7651888341543515,1.1233937840570585,0.0011950249853463213,1.3579407513959703
133,frozenset({'Diarrhoea'}),frozenset({'Female'}),0.024706359279556153,0.6811403490153962,0.018340075644056934,0.7423220652033848,1.0898224811911792,0.0015115774614802811,1.2374348282334662
134,frozenset({'Rash'}),frozenset({'Female'}),0.03974072171731536,0.6811403490153962,0.030050684065082753,0.7561685537278359,1.1101508739291317,0.0029816750044268335,1.3077052031619143
135,"frozenset({'COVID19 (COVID19 (MODERNA))', 'Rash'})",frozenset({'Female'}),0.019207095769111584,0.6811403490153962,0.015139423627943306,0.788220343665396,1.1572069468572612,0.0020566957121985023,1.5056198338560778
136,"frozenset({'Rash', 'COVID19 (COVID19 (PFIZER-BIONTECH))'})",frozenset({'Female'}),0.015523586767808403,0.6811403490153962,0.011659669662148682,0.7510937927262784,1.1027004842863903,0.00108592835315288,1.2810433876964529
137,frozenset({'VA'}),frozenset({'Female'}),0.02391786974110376,0.6811403490153962,0.0169668516026607,0.7093797142603602,1.0414589523081177,0.0006754254595005005,1.097169284563511
138,frozenset({'Urticaria'}),frozenset({'Female'}),0.02162031947091609,0.6811403490153962,0.017305382104365028,0.8004221273253818,1.1751207052737516,0.002578910154120876,1.597670356495164
139,frozenset({'NC'}),frozenset({'Female'}),0.02612627718325643,0.6811403490153962,0.018796402025664644,0.7194443316137942,1.0562350808519378,0.0010007404665883755,1.136528991977698
140,frozenset({'Feeling abnormal'}),frozenset({'Female'}),0.02316758427180922,0.6811403490153962,0.016823586343318746,0.726169208923091,1.0661080494978532,0.0010432099065750093,1.164440455109549
141,frozenset({'Injection site pain'}),frozenset({'Female'}),0.041840884296854106,0.6811403490153962,0.0327493770614279,0.7827123544778959,1.1491205235592405,0.0042498625283558834,1.4674541215559678
142,"frozenset({'COVID19 (COVID19 (MODERNA))', 'Injection site pain'})",frozenset({'Female'}),0.023926359534249948,0.6811403490153962,0.01947452425321657,0.8139359531624235,1.1949607072007793,0.0031773153693897063,1.7137091039568242
143,"frozenset({'Injection site pain', 'Recovered'})",frozenset({'Female'}),0.014579097280294766,0.6811403490153962,0.010990037227742945,0.7538215169602561,1.1067051277316373,0.0010596258179135544,1.295237695217766
144,frozenset({'Heart rate increased'}),frozenset({'Female'}),0.013771505707263442,0.6811403490153962,0.010315098672620841,0.7490174924867072,1.0996522134820363,0.0009347704687078986,1.2704457141010757
145,frozenset({'Pain'}),frozenset({'Female'}),0.09432372430245738,0.6811403490153962,0.07046634433752022,0.7470691478589591,1.0967917976652894,0.006218649845712396,1.2606593789784064
146,"frozenset({'COVID19 (COVID19 (MODERNA))', 'Pain'})",frozenset({'Female'}),0.04093353765435505,0.6811403490153962,0.03160643865912207,0.7721404127346262,1.1335995787810436,0.0037249545347998077,1.399369036042569
147,"frozenset({'Pyrexia', 'Pain'})",frozenset({'Female'}),0.030337214583766668,0.6811403490153962,0.022560564061856633,0.743659705460524,1.0917863059140467,0.0018966631321148363,1.243892036394223
148,"frozenset({'Pyrexia', 'COVID19 (COVID19 (MODERNA))', 'Pain'})",frozenset({'Female'}),0.013393709912257988,0.6811403490153962,0.01023550686187531,0.7642025196101735,1.1219457498221115,0.001112510617628933,1.3522606367865202
149,"frozenset({'Pyrexia', 'Pain', 'Recovered'})",frozenset({'Female'}),0.013458444584997686,0.6811403490153962,0.010113466085398828,0.7514587604478788,1.10323630296477,0.0009463764435691351,1.2829245221404646
150,"frozenset({'Age 19-33', 'Pain'})",frozenset({'Female'}),0.016594361928371614,0.6811403490153962,0.012790934598878497,0.7708000255803543,1.1316317212664955,0.0014878451232996533,1.3911853689861189
151,"frozenset({'Pain', 'COVID19 (COVID19 (PFIZER-BIONTECH))'})",frozenset({'Female'}),0.03761615098248131,0.6811403490153962,0.028406847867151717,0.7551768887885798,1.1086949846389296,0.0027849696583285566,1.302408295552001
152,"frozenset({'Pain', 'Recovered'})",frozenset({'Female'}),0.03443884589751971,0.6811403490153962,0.02621329756300488,0.761154936521632,1.117471513208546,0.00275561004868086,1.3350062435495247
153,"frozenset({'COVID19 (COVID19 (MODERNA))', 'Pain', 'Recovered'})",frozenset({'Female'}),0.016568892548933047,0.6811403490153962,0.012869465185480756,0.7767245244347658,1.1403296333237911,0.0015837239319019033,1.4280997506662698
154,"frozenset({'Pain', 'Age 34-48'})",frozenset({'Female'}),0.02522105298904392,0.6811403490153962,0.019854442496508574,0.7872170327358412,1.1557339597834444,0.002675365661015394,1.4985205586909425
155,"frozenset({'Chills', 'Pain'})",frozenset({'Female'}),0.020728891190566142,0.6811403490153962,0.015243423593984132,0.7353709107663953,1.0796173091630683,0.0011241394137397383,1.2049304628907456
156,"frozenset({'Headache', 'Pain'})",frozenset({'Female'}),0.023946522792972148,0.6811403490153962,0.018232892005586285,0.7614003988477732,1.1178318828834537,0.0019219491126760968,1.3363796479323158
157,"frozenset({'Pain', 'Fatigue'})",frozenset({'Female'}),0.016132729426047536,0.6811403490153962,0.011959996094695153,0.7413498223917905,1.0883951060356774,0.0009713431428661819,1.232783421736507
158,"frozenset({'Age 49-64', 'Pain'})",frozenset({'Female'}),0.02764064403570807,0.6811403490153962,0.021480237884003956,0.7771250863856254,1.1409177088231188,0.0026530799585114326,1.4306664030223926
159,"frozenset({'Pain', 'Age 65-78'})",frozenset({'Female'}),0.014165219864418004,0.6811403490153962,0.010341629276202685,0.7300719208870242,1.0718377232274665,0.0006931264738731825,1.1812763312080183
160,frozenset({'Nausea'}),frozenset({'Female'}),0.07315442509243263,0.6811403490153962,0.05705671606311312,0.7799489366640554,1.14506347743382,0.0072282854236329006,1.4490257222607075
161,"frozenset({'COVID19 (COVID19 (MODERNA))', 'Nausea'})",frozenset({'Female'}),0.03157990805554023,0.6811403490153962,0.02521468564418428,0.798440755427112,1.1722118012554625,0.0037043360493594843,1.5819649039679624
162,"frozenset({'Pyrexia', 'Nausea'})",frozenset({'Female'}),0.01533893376687877,0.6811403490153962,0.01197060833612789,0.7804068078040681,1.145735690055895,0.0015226416366320387,1.452047068472421
163,"frozenset({'Age 19-33', 'Nausea'})",frozenset({'Female'}),0.015009954282463907,0.6811403490153962,0.011360404453745485,0.7568580316742082,1.111163114574351,0.0011365189550828787,1.311413464241418
164,"frozenset({'Pain', 'Nausea'})",frozenset({'Female'}),0.014715995194777079,0.6811403490153962,0.012156322561200797,0.826061873512656,1.212763088703741,0.002132664458121443,1.8331785987576712
165,"frozenset({'COVID19 (COVID19 (PFIZER-BIONTECH))', 'Nausea'})",frozenset({'Female'}),0.03068105120618736,0.6811403490153962,0.02409084927645738,0.7852028639618138,1.152776905812205,0.003192747349715676,1.4844688195838776
166,"frozenset({'Recovered', 'Nausea'})",frozenset({'Female'}),0.029620888287056887,0.6811403490153962,0.023220645478972905,0.7839280596159358,1.150905332137674,0.0030446632929809134,1.4757105916568167
167,"frozenset({'COVID19 (COVID19 (MODERNA))', 'Recovered', 'Nausea'})",frozenset({'Female'}),0.013621873103061843,0.6811403490153962,0.011046282107336455,0.8109224057338735,1.190536439231768,0.0017678747076734728,1.6863957478526475
168,"frozenset({'Age 34-48', 'Nausea'})",frozenset({'Female'}),0.018012157383785345,0.6811403490153962,0.014724484987923269,0.8174748129381959,1.2001561999958954,0.002455677821011472,1.7469350730024784
169,"frozenset({'Chills', 'Nausea'})",frozenset({'Female'}),0.012756975426293738,0.6811403490153962,0.010085874257673712,0.7906164212627902,1.1607246911824327,0.0013965835634271624,1.52284937007784
170,"frozenset({'Headache', 'Nausea'})",frozenset({'Female'}),0.020868972777478276,0.6811403490153962,0.0168617904124766,0.8079837274345284,1.1862220885937635,0.002647091011232245,1.660586609272308
171,"frozenset({'Age 49-64', 'Nausea'})",frozenset({'Female'}),0.01986505473794131,0.6811403490153962,0.016260076323240384,0.8185266306960842,1.2017004012158183,0.0027291860058290904,1.757060290485958
172,frozenset({'Hypoaesthesia'}),frozenset({'Female'}),0.02265819668303782,0.6811403490153962,0.01694987201636832,0.7480680061823801,1.0982582477513325,0.0015164600196244486,1.2656576330493163
173,frozenset({'NY'}),frozenset({'Female'}),0.05299222759437466,0.6811403490153962,0.03738692656753418,0.7055171723240212,1.0357882532489262,0.001291782168798515,1.0827784203955246
174,"frozenset({'COVID19 (COVID19 (MODERNA))', 'NY'})",frozenset({'Female'}),0.022536155906561335,0.6811403490153962,0.01690742305063737,0.7502354492371445,1.1014403277116482,0.0015571379509767991,1.2766409404805894
175,"frozenset({'NY', 'Recovered'})",frozenset({'Female'}),0.01729795353536211,0.6811403490153962,0.01211493481961312,0.7003680981595092,1.0282287625038027,0.0003326007112844642,1.064171234858526
176,"frozenset({'NY', 'Age 49-64'})",frozenset({'Female'}),0.013645220034213866,0.6811403490153962,0.010221710948012752,0.7491056151812102,1.0997815887196514,0.0009274010115164419,1.2708919381153245
177,frozenset({'Lymphadenopathy'}),frozenset({'Female'}),0.021068482916413743,0.6811403490153962,0.017131341344868132,0.8131264796252455,1.1937722978834513,0.0027807475379571615,1.706285889756695
178,frozenset({'Myalgia'}),frozenset({'Female'}),0.04460855686251204,0.6811403490153962,0.031418601985762615,0.7043178303794457,1.0340274679037191,0.0010339139953580156,1.0783864694776588
179,"frozenset({'Myalgia', 'COVID19 (COVID19 (PFIZER-BIONTECH))'})",frozenset({'Female'}),0.0164818721691846,0.6811403490153962,0.01194513895668932,0.7247440602665637,1.06401575140013,0.0007186707949437786,1.1584115179981012
180,"frozenset({'Myalgia', 'Recovered'})",frozenset({'Female'}),0.016392729341149603,0.6811403490153962,0.011744567593610582,0.7164497960769082,1.0518387247394059,0.0005788182088650156,1.1245262622737844
181,"frozenset({'COVID19 (COVID19 (MODERNA))', 'Myalgia'})",frozenset({'Female'}),0.022269788646599627,0.6811403490153962,0.01567321937201,0.7037884203002144,1.033250227089845,0.0005043677607660235,1.07645910165893
182,"frozenset({'Myalgia', 'Headache'})",frozenset({'Female'}),0.014201301485289312,0.6811403490153962,0.010307670103617925,0.7258257360633686,1.065603787989606,0.0006345906534550982,1.1629816978675298
183,frozenset({'Arthralgia'}),frozenset({'Female'}),0.04401851623885184,0.6811403490153962,0.03134962241644983,0.712191711468454,1.0455873191155731,0.0013668349023783985,1.1078890486840662
184,"frozenset({'COVID19 (COVID19 (MODERNA))', 'Arthralgia'})",frozenset({'Female'}),0.01931109573515241,0.6811403490153962,0.013750281224397967,0.7120404462274001,1.0453652426503153,0.000596714735486524,1.1073070742303122
185,"frozenset({'Arthralgia', 'COVID19 (COVID19 (PFIZER-BIONTECH))'})",frozenset({'Female'}),0.019119014165219866,0.6811403490153962,0.013899913828599566,0.7270204262877441,1.0673577440224598,0.0008771818472714018,1.1680714664779623
186,"frozenset({'Age 49-64', 'Arthralgia'})",frozenset({'Female'}),0.014117464777970684,0.6811403490153962,0.010264159913743702,0.727054047959107,1.0674071048794571,0.0006481850276641877,1.1682153503299875
187,"frozenset({'COVID19 (COVID19 (MODERNA))', 'IL'})",frozenset({'Female'}),0.013981628087631644,0.6811403490153962,0.010225955844585846,0.7313851992409867,1.073765781601722,0.0007025048091729609,1.1870516817525159
188,frozenset({'Pruritus'}),frozenset({'Female'}),0.034982192658875866,0.6811403490153962,0.029196398629747385,0.8346074505521174,1.2253090743465151,0.005368615712756847,1.9278960996068368
189,"frozenset({'COVID19 (COVID19 (MODERNA))', 'Pruritus'})",frozenset({'Female'}),0.01897044278516154,0.6811403490153962,0.016370443634140853,0.8629447303647347,1.2669117775978782,0.0034489096144793164,2.3265041310207235
190,"frozenset({'Pruritus', 'COVID19 (COVID19 (PFIZER-BIONTECH))'})",frozenset({'Female'}),0.012993628410243785,0.6811403490153962,0.010682282226193558,0.8221169552433845,1.206971450790976,0.001831797635863738,1.7925241352871844
191,frozenset({'Erythema'}),frozenset({'Female'}),0.024607665434231697,0.6811403490153962,0.020814850346171317,0.8458685526996722,1.24184179357807,0.0040535765238446375,2.06875142334387
192,"frozenset({'COVID19 (COVID19 (MODERNA))', 'Erythema'})",frozenset({'Female'}),0.015188239938533897,0.6811403490153962,0.01336293441210305,0.8798211291224148,1.2916884609672825,0.003017611359440491,2.653208909820728
193,frozenset({'MD'}),frozenset({'Female'}),0.01921346311397123,0.6811403490153962,0.013698281241377553,0.7129522231427782,1.0467038462386888,0.000611216270132749,1.1108243180827881
194,frozenset({'Life-threatening illness'}),frozenset({'Hospitalized '}),0.0250480734536903,0.09925204922382067,0.01926758554527819,0.7692242511545143,7.750210269410731,0.016781512925890647,3.903130876109816
195,frozenset({'Vomiting'}),frozenset({'Female'}),0.029278112888779465,0.6811403490153962,0.021533299091167645,0.7354742832288231,1.0797690729846907,0.0015907950595922295,1.2054013306404816
196,frozenset({'Back pain'}),frozenset({'Female'}),0.014043179087941522,0.6811403490153962,0.0103087313277612,0.7340739061437317,1.0777131426802893,0.000743355422514998,1.199053640659069
197,frozenset({'MA'}),frozenset({'Female'}),0.022816319080385606,0.6811403490153962,0.016113627391468606,0.7062325581395349,1.0368385299159124,0.0005725118498081105,1.0854152147195981
198,"frozenset({'COVID19 (COVID19 (MODERNA))', 'FL'})",frozenset({'Female'}),0.027959011278690195,0.6811403490153962,0.020160075049771412,0.7210582251575192,1.0586044802658148,0.0011160643492789737,1.1431046897319868
199,"frozenset({'FL', 'Recovered'})",frozenset({'Female'}),0.017478361639718647,0.6811403490153962,0.01227942456182055,0.7025500910746812,1.0314322034955545,0.0003742072143252777,1.0719776386438915
200,"frozenset({'Age 49-64', 'FL'})",frozenset({'Female'}),0.015567096957682627,0.6811403490153962,0.01139860852290334,0.7322244188424569,1.074997861895722,0.0007952306679908823,1.1907719501764649
201,frozenset({'Peripheral swelling'}),frozenset({'Female'}),0.018674361249188164,0.6811403490153962,0.01469052581533851,0.7866681820764904,1.1549281777443328,0.0019706648764268933,1.4946652313202116
202,"frozenset({'COVID19 (COVID19 (MODERNA))', 'PA'})",frozenset({'Female'}),0.015243423593984132,0.6811403490153962,0.011345547315739652,0.744291283764968,1.0927135425773233,0.0009626364487437759,1.2469643416125373
203,frozenset({'IN'}),frozenset({'Female'}),0.03502039672803372,0.6811403490153962,0.0250926448677078,0.7165151515151515,1.0519346747713454,0.0012388396177172717,1.124785513895449
204,"frozenset({'IN', 'COVID19 (COVID19 (PFIZER-BIONTECH))'})",frozenset({'Female'}),0.015231750128408121,0.6811403490153962,0.011188486142535137,0.7345502682366056,1.0784125023549327,0.0008135265439559239,1.2012053991028921
205,"frozenset({'IN', 'Recovered'})",frozenset({'Female'}),0.01708889237913718,0.6811403490153962,0.012113873595469846,0.7088741228342545,1.0407166802832164,0.00047393947605780216,1.0952638566137107
206,"frozenset({'COVID19 (COVID19 (MODERNA))', 'IN'})",frozenset({'Female'}),0.015315586835726747,0.6811403490153962,0.011001710693318957,0.7183342572062085,1.0546053515176086,0.0005696465306564338,1.1320498113185247
207,frozenset({'Paraesthesia'}),frozenset({'Female'}),0.023787339171481087,0.6811403490153962,0.018453626627387223,0.7757751505688155,1.1389358326668153,0.002251110121976988,1.4220531390409656
208,frozenset({'AZ'}),frozenset({'Female'}),0.021816645937421733,0.6811403490153962,0.015360158249744245,0.7040568148652593,1.0336442641857722,0.0004999604215834789,1.0774353558417957
209,frozenset({'Palpitations'}),frozenset({'Female'}),0.01392962810461123,0.6811403490153962,0.01089771072727813,0.7823403931129057,1.1485744373296876,0.0014096789784485645,1.4649463699068637
210,frozenset({'Injection site rash'}),frozenset({'Female'}),0.011731832903891296,0.6811403490153962,0.010364976207354708,0.8834916327453641,1.2970772235450025,0.002373951448607881,2.7367961503375744
211,frozenset({'OR'}),frozenset({'Female'}),0.013963587277195991,0.6811403490153962,0.010030690602223476,0.7183462532299741,1.054622963194531,0.0005195278907272529,1.1320980268902905
212,frozenset({'Unknown Sex'}),frozenset({'Age 79-older'}),0.035148804849369844,0.14417472843274173,0.028930031369785676,0.8230729748497932,5.7088574661943,0.023862461975892344,4.837165327573238
213,"frozenset({'Unknown Sex', 'COVID19 (COVID19 (MODERNA))'})",frozenset({'Age 79-older'}),0.013033954927688187,0.14417472843274173,0.010814935244102777,0.8297508549096239,5.755175431432888,0.008935768331998738,5.026899084356321
214,frozenset({'Vaccination site pain'}),frozenset({'Female'}),0.015337872542735496,0.6811403490153962,0.01131371059144144,0.7376323254687609,1.0829373513623515,0.0008664667345289218,1.2153160695359915
